{"stats":{"minecraft:crafted":{"minecraft:wooden_axe":1,"minecraft:wind_charge":32,"minecraft:cooked_chicken":1,"minecraft:birch_fence":102,"minecraft:birch_planks":164,"minecraft:stone_pickaxe":2,"minecraft:gold_ingot":42,"minecraft:cooked_mutton":31,"minecraft:iron_boots":2,"minecraft:stick":268,"minecraft:emerald_block":14,"minecraft:wooden_pickaxe":1,"minecraft:cooked_beef":28,"minecraft:glowstone":34,"minecraft:oak_fence":90,"minecraft:iron_helmet":1,"minecraft:diamond_axe":1,"minecraft:diamond_pickaxe":1,"minecraft:chest":10,"minecraft:bookshelf":7,"minecraft:air":0,"minecraft:emerald":144,"minecraft:wheat":405,"minecraft:raw_iron":9,"minecraft:paper":18,"minecraft:bone_meal":27,"minecraft:furnace":11,"minecraft:gold_block":2,"minecraft:iron_ingot":155,"minecraft:copper_ingot":27,"minecraft:bread":130,"minecraft:crafting_table":3,"minecraft:torch":180,"minecraft:baked_potato":12,"minecraft:shield":2,"minecraft:stone_axe":1,"minecraft:oak_planks":396,"minecraft:spruce_planks":72,"minecraft:iron_pickaxe":2,"minecraft:iron_sword":1,"minecraft:iron_axe":3,"minecraft:iron_leggings":1,"minecraft:golden_apple":1},"minecraft:picked_up":{"minecraft:cobblestone":349,"minecraft:brick":129,"minecraft:flint":2,"minecraft:sugar_cane":80,"minecraft:redstone":14,"minecraft:bone":33,"minecraft:rose_bush":2,"minecraft:lantern":13,"minecraft:waxed_copper_grate":1,"minecraft:slime_ball":7,"minecraft:diamond":9,"minecraft:granite":40,"minecraft:emerald":99,"minecraft:ink_sac":6,"minecraft:gold_block":1,"minecraft:bow":2,"minecraft:arrow":100,"minecraft:iron_ingot":29,"minecraft:enchanted_golden_apple":1,"minecraft:crossbow":2,"minecraft:hay_block":53,"minecraft:raw_gold":16,"minecraft:dandelion":20,"minecraft:emerald_block":2,"minecraft:mutton":37,"minecraft:guster_pottery_sherd":3,"minecraft:golden_carrot":1,"minecraft:dirt":166,"minecraft:rail":2,"minecraft:azure_bluet":1,"minecraft:torch":34,"minecraft:diamond_pickaxe":1,"minecraft:dripstone_block":1,"minecraft:bread":1,"minecraft:spruce_log":19,"minecraft:oxeye_daisy":3,"minecraft:oak_stairs":4,"minecraft:coal":156,"minecraft:oak_log":142,"minecraft:oak_fence":76,"minecraft:lingering_potion":6,"minecraft:sand":3,"minecraft:furnace":2,"minecraft:oak_door":2,"minecraft:wheat_seeds":17,"minecraft:egg":8,"minecraft:waxed_copper_block":5,"minecraft:poppy":6,"minecraft:cooked_beef":4,"minecraft:white_wool":30,"minecraft:feather":4,"minecraft:potion":1,"minecraft:fletching_table":1,"minecraft:red_mushroom":2,"minecraft:snowball":24,"minecraft:blast_furnace":1,"minecraft:andesite":28,"minecraft:ender_pearl":2,"minecraft:string":13,"minecraft:raw_iron_block":1,"minecraft:stone_bricks":1,"minecraft:copper_ingot":19,"minecraft:obsidian":2,"minecraft:cornflower":1,"minecraft:diamond_axe":1,"minecraft:carrot":2,"minecraft:spruce_sapling":1,"minecraft:rabbit":1,"minecraft:iron_block":2,"minecraft:scrape_pottery_sherd":4,"minecraft:breeze_rod":8,"minecraft:flow_pottery_sherd":6,"minecraft:leather":25,"minecraft:honey_bottle":2,"minecraft:gold_nugget":76,"minecraft:wooden_axe":1,"minecraft:chiseled_tuff":1,"minecraft:baked_potato":9,"minecraft:glow_ink_sac":1,"minecraft:golden_apple":2,"minecraft:music_disc_precipice":1,"minecraft:stick":50,"minecraft:polished_tuff":5,"minecraft:chicken":1,"minecraft:iron_axe":2,"minecraft:raw_iron":100,"minecraft:cobbled_deepslate":145,"minecraft:diamond_chestplate":1,"minecraft:pointed_dripstone":2,"minecraft:waxed_oxidized_copper_grate":4,"minecraft:glowstone_dust":134,"minecraft:mossy_cobblestone":2,"minecraft:tuff_bricks":17,"minecraft:chest":4,"minecraft:lectern":4,"minecraft:netherrack":8,"minecraft:magma_block":1,"minecraft:gravel":34,"minecraft:waxed_oxidized_copper_door":1,"minecraft:tuff":1,"minecraft:stripped_spruce_wood":3,"minecraft:potato":13,"minecraft:grass_block":1,"minecraft:birch_log":41,"minecraft:shield":1,"minecraft:lapis_lazuli":43,"minecraft:spider_eye":2,"minecraft:tipped_arrow":5,"minecraft:ominous_bottle":1,"minecraft:trial_key":8,"minecraft:diorite":28,"minecraft:wooden_pickaxe":1,"minecraft:oak_planks":27,"minecraft:crafting_table":8,"minecraft:ominous_trial_key":2,"minecraft:decorated_pot":12,"minecraft:raw_copper":27,"minecraft:oak_sapling":21,"minecraft:dispenser":1,"minecraft:stone_brick_stairs":1,"minecraft:beef":31,"minecraft:rotten_flesh":59,"minecraft:wind_charge":9,"minecraft:apple":1,"minecraft:yellow_wool":6,"minecraft:oak_slab":11,"minecraft:waxed_oxidized_copper":2,"minecraft:paper":5,"minecraft:gray_wool":1},"minecraft:mined":{"minecraft:torch":9,"minecraft:dispenser":1,"minecraft:spawner":2,"minecraft:oak_fence_gate":2,"minecraft:spruce_log":16,"minecraft:nether_quartz_ore":3,"minecraft:chest":4,"minecraft:netherrack":8,"minecraft:oak_slab":6,"minecraft:carrots":2,"minecraft:lectern":4,"minecraft:gravel":9,"minecraft:short_grass":154,"minecraft:waxed_copper_grate":1,"minecraft:red_mushroom":2,"minecraft:dirt_path":11,"minecraft:crafting_table":7,"minecraft:birch_log":43,"minecraft:deepslate_redstone_ore":3,"minecraft:oxeye_daisy":3,"minecraft:magma_block":1,"minecraft:obsidian":2,"minecraft:waxed_oxidized_copper_grate":4,"minecraft:copper_ore":10,"minecraft:waxed_oxidized_copper":2,"minecraft:raw_iron_block":1,"minecraft:gold_ore":3,"minecraft:chiseled_tuff":1,"minecraft:birch_leaves":1,"minecraft:andesite":25,"minecraft:oak_fence":83,"minecraft:packed_ice":2,"minecraft:blast_furnace":1,"minecraft:glowstone":49,"minecraft:deepslate_gold_ore":13,"minecraft:gold_block":1,"minecraft:ice":3,"minecraft:wall_torch":13,"minecraft:decorated_pot":47,"minecraft:fire":1,"minecraft:stone_brick_stairs":1,"minecraft:deepslate_diamond_ore":6,"minecraft:poppy":2,"minecraft:deepslate_lapis_ore":5,"minecraft:deepslate_iron_ore":48,"minecraft:potatoes":13,"minecraft:dripstone_block":1,"minecraft:yellow_wool":3,"minecraft:iron_ore":46,"minecraft:stone":328,"minecraft:stone_bricks":1,"minecraft:granite":21,"minecraft:chain":2,"minecraft:dandelion":18,"minecraft:coal_ore":151,"minecraft:diorite":26,"minecraft:wheat":3,"minecraft:oak_planks":15,"minecraft:hay_block":45,"minecraft:light_gray_stained_glass":4,"minecraft:cobblestone":7,"minecraft:sugar_cane":72,"minecraft:bee_nest":1,"minecraft:lantern":14,"minecraft:oak_leaves":49,"minecraft:furnace":2,"minecraft:rose_bush":2,"minecraft:fletching_table":1,"minecraft:waxed_oxidized_copper_door":1,"minecraft:glow_lichen":1,"minecraft:crying_obsidian":1,"minecraft:tall_grass":22,"minecraft:waxed_copper_block":5,"minecraft:pointed_dripstone":1,"minecraft:stripped_spruce_wood":3,"minecraft:oak_stairs":4,"minecraft:mossy_cobblestone":2,"minecraft:dirt":78,"minecraft:grass_block":68,"minecraft:spruce_leaves":4,"minecraft:cobbled_deepslate":2,"minecraft:white_wool":3,"minecraft:tuff":1,"minecraft:polished_tuff":7,"minecraft:tuff_bricks":17,"minecraft:nether_gold_ore":21,"minecraft:deepslate":163,"minecraft:sand":5,"minecraft:seagrass":1,"minecraft:cornflower":2,"minecraft:oak_log":146,"minecraft:lapis_ore":1,"minecraft:oak_door":2},"minecraft:broken":{"minecraft:iron_axe":2,"minecraft:stone_axe":1,"minecraft:iron_pickaxe":1,"minecraft:stone_pickaxe":1},"minecraft:dropped":{"minecraft:iron_axe":1,"minecraft:andesite":8,"minecraft:scrape_pottery_sherd":1,"minecraft:oxeye_daisy":1,"minecraft:cobbled_deepslate":3,"minecraft:poppy":2,"minecraft:wheat_seeds":7,"minecraft:iron_ingot":2,"minecraft:shield":2,"minecraft:crossbow":2,"minecraft:azure_bluet":1,"minecraft:oak_sapling":6,"minecraft:copper_ingot":2,"minecraft:cornflower":1,"minecraft:oak_log":23,"minecraft:grass_block":1,"minecraft:diamond_pickaxe":1,"minecraft:dandelion":19,"minecraft:string":8,"minecraft:iron_leggings":1,"minecraft:stick":32,"minecraft:arrow":1,"minecraft:wooden_axe":2,"minecraft:bread":36,"minecraft:iron_boots":1,"minecraft:iron_pickaxe":1,"minecraft:snowball":18,"minecraft:flow_pottery_sherd":2,"minecraft:diorite":14,"minecraft:golden_apple":3,"minecraft:guster_pottery_sherd":2,"minecraft:tipped_arrow":5,"minecraft:rotten_flesh":33,"minecraft:cobblestone":6,"minecraft:iron_helmet":1,"minecraft:spruce_planks":12,"minecraft:iron_chestplate":2,"minecraft:torch":34,"minecraft:bow":1,"minecraft:diamond_axe":1,"minecraft:dirt":15,"minecraft:sand":2,"minecraft:oak_fence":90,"minecraft:diamond":3,"minecraft:rail":1,"minecraft:coal":6,"minecraft:chiseled_tuff":1,"minecraft:stone_bricks":1,"minecraft:cooked_beef":17,"minecraft:wooden_pickaxe":2,"minecraft:iron_sword":2,"minecraft:lingering_potion":5,"minecraft:crafting_table":1,"minecraft:netherrack":4,"minecraft:gray_wool":1,"minecraft:birch_fence":102},"minecraft:used":{"minecraft:stone_axe":95,"minecraft:oak_fence":41,"minecraft:polished_tuff":1,"minecraft:iron_axe":547,"minecraft:shield":71,"minecraft:ominous_trial_key":2,"minecraft:iron_pickaxe":427,"minecraft:andesite":9,"minecraft:golden_carrot":1,"minecraft:wooden_axe":14,"minecraft:diamond_pickaxe":423,"minecraft:cooked_mutton":31,"minecraft:lantern":13,"minecraft:blast_furnace":1,"minecraft:oxeye_daisy":1,"minecraft:diorite":2,"minecraft:ominous_bottle":1,"minecraft:wooden_pickaxe":3,"minecraft:oak_log":12,"minecraft:cobblestone":111,"minecraft:golden_apple":1,"minecraft:waxed_copper_grate":1,"minecraft:diamond_axe":212,"minecraft:crafting_table":10,"minecraft:snowball":6,"minecraft:tuff_bricks":3,"minecraft:stone_pickaxe":214,"minecraft:bow":16,"minecraft:baked_potato":3,"minecraft:cobbled_deepslate":3,"minecraft:netherrack":4,"minecraft:mossy_cobblestone":1,"minecraft:rotten_flesh":7,"minecraft:rabbit":1,"minecraft:bone_meal":27,"minecraft:fletching_table":1,"minecraft:furnace":13,"minecraft:mutton":6,"minecraft:torch":180,"minecraft:bread":30,"minecraft:dirt":115,"minecraft:iron_boots":1,"minecraft:obsidian":4,"minecraft:sand":1,"minecraft:wind_charge":15,"minecraft:gravel":4,"minecraft:cooked_chicken":1,"minecraft:oak_stairs":2,"minecraft:cooked_beef":10,"minecraft:lectern":4,"minecraft:flint_and_steel":2,"minecraft:stone_brick_stairs":1,"minecraft:chest":14,"minecraft:dripstone_block":1,"minecraft:beef":3,"minecraft:oak_planks":23,"minecraft:spruce_sapling":1,"minecraft:oak_sapling":14,"minecraft:egg":6,"minecraft:sugar_cane":57,"minecraft:trial_key":7},"minecraft:killed":{"minecraft:slime":20,"minecraft:stray":4,"minecraft:skeleton":29,"minecraft:iron_golem":1,"minecraft:silverfish":17,"minecraft:spider":7,"minecraft:horse":3,"minecraft:zombie":32,"minecraft:husk":12,"minecraft:bee":2,"minecraft:cave_spider":1,"minecraft:rabbit":1,"minecraft:chicken":1,"minecraft:enderman":2,"minecraft:sheep":23,"minecraft:squid":2,"minecraft:drowned":1,"minecraft:cow":14,"minecraft:breeze":7},"minecraft:custom":{"minecraft:time_since_rest":172186,"minecraft:talked_to_villager":29,"minecraft:leave_game":2,"minecraft:damage_taken":4094,"minecraft:mob_kills":182,"minecraft:damage_absorbed":40,"minecraft:time_since_death":222970,"minecraft:interact_with_furnace":105,"minecraft:interact_with_smithing_table":2,"minecraft:sleep_in_bed":5,"minecraft:inspect_dispenser":9,"minecraft:swim_one_cm":30345,"minecraft:total_world_time":225821,"minecraft:crouch_one_cm":61553,"minecraft:climb_one_cm":8296,"minecraft:animals_bred":4,"minecraft:traded_with_villager":7,"minecraft:damage_blocked_by_shield":2643,"minecraft:interact_with_crafting_table":35,"minecraft:walk_one_cm":806191,"minecraft:walk_under_water_one_cm":23826,"minecraft:damage_dealt":25014,"minecraft:play_time":222970,"minecraft:jump":4333,"minecraft:drop":134,"minecraft:interact_with_cartography_table":2,"minecraft:bell_ring":30,"minecraft:open_barrel":15,"minecraft:sprint_one_cm":731041,"minecraft:open_chest":173,"minecraft:fall_one_cm":124376,"minecraft:fly_one_cm":817746,"minecraft:walk_on_water_one_cm":29429,"minecraft:sneak_time":18730,"minecraft:interact_with_blast_furnace":2}},"DataVersion":4325}