{"stats":{"minecraft:picked_up":{"minecraft:wooden_axe":4,"minecraft:lingering_potion":4,"minecraft:iron_chestplate":1,"minecraft:crafting_table":6,"minecraft:azure_bluet":1,"minecraft:chicken":2,"minecraft:flower_pot":1,"minecraft:wooden_pickaxe":4,"minecraft:chain":2,"minecraft:shield":2,"minecraft:brick":7,"minecraft:wind_charge":3,"minecraft:cornflower":1,"minecraft:raw_copper":4,"minecraft:string":81,"minecraft:iron_axe":1,"minecraft:iron_leggings":1,"minecraft:candle":3,"minecraft:cobbled_deepslate":52,"minecraft:trial_key":5,"minecraft:rose_bush":1,"minecraft:chiseled_tuff":1,"minecraft:iron_pickaxe":1,"minecraft:poppy":1,"minecraft:iron_boots":1,"minecraft:tipped_arrow":29,"minecraft:raw_iron":96,"minecraft:stick":77,"minecraft:copper_ingot":4,"minecraft:oak_fence":125,"minecraft:torch":38,"minecraft:diorite":66,"minecraft:redstone":36,"minecraft:arrow":14,"minecraft:rotten_flesh":26,"minecraft:glow_berries":11,"minecraft:snowball":59,"minecraft:rail":2,"minecraft:cobblestone":465,"minecraft:birch_log":1,"minecraft:magma_block":1,"minecraft:feather":2,"minecraft:cooked_beef":25,"minecraft:glow_ink_sac":4,"minecraft:andesite":47,"minecraft:leather":3,"minecraft:potato":3,"minecraft:flint":2,"minecraft:oak_log":207,"minecraft:waxed_copper_block":1,"minecraft:lapis_lazuli":18,"minecraft:dirt":69,"minecraft:lantern":1,"minecraft:name_tag":1,"minecraft:bone":10,"minecraft:bow":1,"minecraft:wheat_seeds":3,"minecraft:raw_gold":16,"minecraft:iron_ingot":4,"minecraft:oak_fence_gate":3,"minecraft:cooked_chicken":1,"minecraft:scrape_pottery_sherd":1,"minecraft:iron_sword":5,"minecraft:oak_planks":22,"minecraft:pumpkin":5,"minecraft:dandelion":6,"minecraft:dripstone_block":4,"minecraft:gravel":6,"minecraft:spruce_log":4,"minecraft:grass_block":1,"minecraft:spider_eye":5,"minecraft:slime_ball":33,"minecraft:iron_helmet":1,"minecraft:crossbow":1,"minecraft:granite":24,"minecraft:golden_apple":4,"minecraft:bread":40,"minecraft:emerald":11,"minecraft:baked_potato":6,"minecraft:oak_sapling":15,"minecraft:coal":62,"minecraft:diamond_pickaxe":1},"minecraft:killed":{"minecraft:cave_spider":1,"minecraft:spider":6,"minecraft:slime":24,"minecraft:horse":2,"minecraft:skeleton":6,"minecraft:chicken":2,"minecraft:silverfish":5,"minecraft:husk":3,"minecraft:rabbit":1,"minecraft:zombie":17,"minecraft:breeze":1},"minecraft:used":{"minecraft:oak_fence":647,"minecraft:shield":45,"minecraft:iron_sword":226,"minecraft:trial_key":2,"minecraft:torch":56,"minecraft:dirt":15,"minecraft:oak_fence_gate":7,"minecraft:wooden_axe":260,"minecraft:iron_axe":25,"minecraft:oak_sapling":14,"minecraft:cooked_beef":16,"minecraft:cobbled_deepslate":6,"minecraft:pumpkin":2,"minecraft:diorite":23,"minecraft:stone_pickaxe":57,"minecraft:baked_potato":3,"minecraft:oak_planks":21,"minecraft:wooden_pickaxe":101,"minecraft:golden_apple":2,"minecraft:glow_berries":11,"minecraft:crafting_table":6,"minecraft:crossbow":8,"minecraft:dripstone_block":4,"minecraft:lingering_potion":1,"minecraft:bread":27,"minecraft:iron_pickaxe":345},"minecraft:dropped":{"minecraft:bread":3,"minecraft:iron_sword":2,"minecraft:candle":3,"minecraft:cooked_beef":1,"minecraft:oak_fence":1,"minecraft:rail":1,"minecraft:grass_block":1,"minecraft:coal":6,"minecraft:golden_apple":1,"minecraft:stick":65,"minecraft:dirt":28,"minecraft:diorite":23,"minecraft:torch":3,"minecraft:wooden_axe":1,"minecraft:snowball":59,"minecraft:bone":2,"minecraft:raw_iron":1,"minecraft:rotten_flesh":2,"minecraft:trial_key":3,"minecraft:diamond_pickaxe":1,"minecraft:wooden_pickaxe":1},"minecraft:mined":{"minecraft:candle":1,"minecraft:glow_lichen":1,"minecraft:granite":12,"minecraft:grass_block":8,"minecraft:decorated_pot":2,"minecraft:magma_block":1,"minecraft:redstone_ore":1,"minecraft:iron_ore":28,"minecraft:andesite":25,"minecraft:pumpkin":5,"minecraft:azure_bluet":1,"minecraft:potatoes":2,"minecraft:deepslate_iron_ore":21,"minecraft:rail":1,"minecraft:stone":264,"minecraft:deepslate_redstone_ore":3,"minecraft:dandelion":6,"minecraft:crafting_table":5,"minecraft:oak_fence":29,"minecraft:short_grass":32,"minecraft:copper_ore":1,"minecraft:tall_grass":5,"minecraft:deepslate_gold_ore":6,"minecraft:lapis_ore":1,"minecraft:oak_planks":25,"minecraft:diorite":25,"minecraft:wall_torch":4,"minecraft:spruce_log":4,"minecraft:waxed_copper_block":1,"minecraft:oak_log":188,"minecraft:coal_ore":24,"minecraft:oak_fence_gate":4,"minecraft:dripstone_block":4,"minecraft:flower_pot":1,"minecraft:gravel":3,"minecraft:dirt":12,"minecraft:cobweb":30,"minecraft:gold_ore":2,"minecraft:oak_leaves":39,"minecraft:deepslate":19,"minecraft:fern":1},"minecraft:crafted":{"minecraft:oak_planks":844,"minecraft:stone_shovel":1,"minecraft:oak_fence":496,"minecraft:crafting_table":1,"minecraft:spruce_planks":8,"minecraft:wooden_pickaxe":3,"minecraft:oak_fence_gate":13,"minecraft:wooden_hoe":1,"minecraft:stick":386,"minecraft:iron_pickaxe":2,"minecraft:wooden_axe":4,"minecraft:torch":64},"minecraft:broken":{"minecraft:wooden_pickaxe":1,"minecraft:stone_pickaxe":1,"minecraft:iron_axe":1,"minecraft:iron_pickaxe":2,"minecraft:wooden_axe":4},"minecraft:killed_by":{"minecraft:stray":1,"minecraft:skeleton":1},"minecraft:custom":{"minecraft:interact_with_smithing_table":2,"minecraft:mob_kills":69,"minecraft:interact_with_crafting_table":25,"minecraft:open_barrel":1,"minecraft:bell_ring":77,"minecraft:leave_game":1,"minecraft:time_since_death":4933,"minecraft:climb_one_cm":9856,"minecraft:sprint_one_cm":382315,"minecraft:walk_one_cm":1304341,"minecraft:damage_blocked_by_shield":1169,"minecraft:drop":98,"minecraft:talked_to_villager":7,"minecraft:play_time":231599,"minecraft:deaths":3,"minecraft:sneak_time":320,"minecraft:walk_under_water_one_cm":41054,"minecraft:jump":2019,"minecraft:walk_on_water_one_cm":50819,"minecraft:total_world_time":231599,"minecraft:interact_with_furnace":22,"minecraft:interact_with_cartography_table":2,"minecraft:sleep_in_bed":5,"minecraft:time_since_rest":5018,"minecraft:damage_taken":4183,"minecraft:damage_absorbed":79,"minecraft:damage_dealt":8376,"minecraft:swim_one_cm":13503,"minecraft:fly_one_cm":35230,"minecraft:open_chest":70,"minecraft:crouch_one_cm":1869,"minecraft:fall_one_cm":39533}},"DataVersion":3955}