{"stats":{"minecraft:custom":{"minecraft:time_since_rest":3938,"minecraft:talked_to_villager":126,"minecraft:leave_game":3,"minecraft:damage_taken":5979,"minecraft:mob_kills":256,"minecraft:boat_one_cm":5496,"minecraft:damage_absorbed":40,"minecraft:time_since_death":447839,"minecraft:interact_with_brewingstand":2,"minecraft:interact_with_furnace":133,"minecraft:interact_with_smithing_table":5,"minecraft:sleep_in_bed":9,"minecraft:inspect_dispenser":9,"minecraft:swim_one_cm":52487,"minecraft:total_world_time":457682,"minecraft:crouch_one_cm":88383,"minecraft:climb_one_cm":12618,"minecraft:animals_bred":9,"minecraft:traded_with_villager":120,"minecraft:damage_blocked_by_shield":2782,"minecraft:interact_with_crafting_table":81,"minecraft:walk_one_cm":1810596,"minecraft:walk_under_water_one_cm":38068,"minecraft:damage_dealt":35672,"minecraft:play_time":447839,"minecraft:jump":7846,"minecraft:drop":417,"minecraft:interact_with_cartography_table":3,"minecraft:bell_ring":50,"minecraft:open_barrel":17,"minecraft:sprint_one_cm":1312000,"minecraft:open_chest":385,"minecraft:fall_one_cm":224441,"minecraft:fly_one_cm":1530670,"minecraft:walk_on_water_one_cm":52942,"minecraft:sneak_time":25540,"minecraft:interact_with_blast_furnace":3},"minecraft:killed":{"minecraft:stray":5,"minecraft:pig":11,"minecraft:bat":1,"minecraft:silverfish":17,"minecraft:salmon":1,"minecraft:zombie":48,"minecraft:bee":2,"minecraft:rabbit":1,"minecraft:zombie_villager":2,"minecraft:chicken":12,"minecraft:squid":2,"minecraft:drowned":1,"minecraft:cow":20,"minecraft:endermite":1,"minecraft:slime":20,"minecraft:skeleton":34,"minecraft:phantom":2,"minecraft:iron_golem":2,"minecraft:villager":1,"minecraft:spider":10,"minecraft:horse":5,"minecraft:husk":12,"minecraft:cave_spider":1,"minecraft:creeper":2,"minecraft:enderman":3,"minecraft:sheep":29,"minecraft:breeze":7},"minecraft:crafted":{"minecraft:wooden_axe":1,"minecraft:wind_charge":32,"minecraft:birch_fence":102,"minecraft:gold_ingot":78,"minecraft:stick":2276,"minecraft:oak_fence":120,"minecraft:cooked_porkchop":13,"minecraft:iron_helmet":16,"minecraft:diamond_axe":1,"minecraft:diamond_pickaxe":1,"minecraft:chest":15,"minecraft:bookshelf":7,"minecraft:air":0,"minecraft:bucket":2,"minecraft:flint_and_steel":1,"minecraft:bone_meal":123,"minecraft:chainmail_boots":24,"minecraft:cobblestone_slab":382,"minecraft:iron_hoe":1,"minecraft:oak_planks":1272,"minecraft:gold_nugget":207,"minecraft:cobbled_deepslate_slab":6,"minecraft:iron_shovel":10,"minecraft:iron_sword":1,"minecraft:cooked_chicken":3,"minecraft:birch_planks":296,"minecraft:stone_pickaxe":2,"minecraft:cooked_mutton":31,"minecraft:iron_boots":6,"minecraft:emerald_block":14,"minecraft:white_wool":11,"minecraft:spruce_slab":72,"minecraft:wooden_pickaxe":1,"minecraft:cooked_beef":42,"minecraft:glowstone":34,"minecraft:golden_carrot":25,"minecraft:emerald":213,"minecraft:wheat":405,"minecraft:raw_iron":9,"minecraft:paper":156,"minecraft:furnace":11,"minecraft:gold_block":2,"minecraft:spruce_boat":2,"minecraft:iron_ingot":157,"minecraft:copper_ingot":27,"minecraft:bread":140,"minecraft:crafting_table":7,"minecraft:torch":180,"minecraft:white_bed":9,"minecraft:baked_potato":12,"minecraft:shield":3,"minecraft:stone_axe":1,"minecraft:spruce_planks":224,"minecraft:iron_pickaxe":2,"minecraft:iron_axe":4,"minecraft:iron_leggings":1,"minecraft:golden_apple":3},"minecraft:dropped":{"minecraft:iron_axe":1,"minecraft:iron_shovel":1,"minecraft:andesite":8,"minecraft:scrape_pottery_sherd":1,"minecraft:yellow_carpet":8,"minecraft:oxeye_daisy":3,"minecraft:cobbled_deepslate":3,"minecraft:egg":9,"minecraft:poppy":9,"minecraft:wheat_seeds":23,"minecraft:iron_ingot":2,"minecraft:flower_pot":2,"minecraft:shield":2,"minecraft:pumpkin":9,"minecraft:rose_bush":1,"minecraft:crossbow":2,"minecraft:azure_bluet":5,"minecraft:oak_sapling":8,"minecraft:white_carpet":9,"minecraft:copper_ingot":2,"minecraft:cornflower":5,"minecraft:oak_log":23,"minecraft:grass_block":1,"minecraft:diamond_pickaxe":1,"minecraft:dandelion":26,"minecraft:string":15,"minecraft:iron_leggings":1,"minecraft:stick":34,"minecraft:phantom_membrane":1,"minecraft:arrow":1,"minecraft:carrot":5,"minecraft:white_bed":1,"minecraft:wooden_axe":2,"minecraft:bread":79,"minecraft:spider_eye":7,"minecraft:iron_boots":3,"minecraft:iron_pickaxe":1,"minecraft:oak_door":2,"minecraft:snowball":35,"minecraft:flow_pottery_sherd":2,"minecraft:diorite":14,"minecraft:golden_apple":3,"minecraft:guster_pottery_sherd":2,"minecraft:tipped_arrow":5,"minecraft:rotten_flesh":46,"minecraft:cobblestone":16,"minecraft:iron_helmet":8,"minecraft:spruce_planks":12,"minecraft:iron_chestplate":2,"minecraft:torch":34,"minecraft:cobblestone_stairs":6,"minecraft:bow":1,"minecraft:red_mushroom":2,"minecraft:diamond_axe":1,"minecraft:white_wool":3,"minecraft:dirt":38,"minecraft:black_wool":1,"minecraft:iron_hoe":1,"minecraft:splash_potion":1,"minecraft:chainmail_boots":16,"minecraft:sand":2,"minecraft:oak_fence":90,"minecraft:diamond":3,"minecraft:feather":17,"minecraft:oak_pressure_plate":2,"minecraft:rail":2,"minecraft:brown_wool":1,"minecraft:coal":6,"minecraft:potato":64,"minecraft:glass_bottle":1,"minecraft:bone_meal":1,"minecraft:poisonous_potato":1,"minecraft:chiseled_tuff":1,"minecraft:stone_bricks":1,"minecraft:cooked_beef":17,"minecraft:wooden_pickaxe":2,"minecraft:oak_stairs":1,"minecraft:flint":1,"minecraft:iron_sword":2,"minecraft:lingering_potion":5,"minecraft:oak_trapdoor":8,"minecraft:oak_fence_gate":11,"minecraft:slime_ball":7,"minecraft:crafting_table":1,"minecraft:netherrack":4,"minecraft:gray_wool":1,"minecraft:birch_fence":102},"minecraft:mined":{"minecraft:torch":18,"minecraft:dispenser":1,"minecraft:oak_fence_gate":7,"minecraft:spruce_log":84,"minecraft:nether_quartz_ore":3,"minecraft:chest":12,"minecraft:pumpkin":11,"minecraft:netherrack":30,"minecraft:birch_log":76,"minecraft:oxeye_daisy":4,"minecraft:mossy_stone_brick_slab":1,"minecraft:magma_block":1,"minecraft:obsidian":2,"minecraft:farmland":1,"minecraft:redstone_torch":1,"minecraft:waxed_oxidized_copper_grate":4,"minecraft:waxed_oxidized_copper":2,"minecraft:grindstone":3,"minecraft:birch_leaves":1,"minecraft:oak_fence":202,"minecraft:gold_block":3,"minecraft:wall_torch":19,"minecraft:decorated_pot":47,"minecraft:yellow_bed":6,"minecraft:fire":9,"minecraft:stone_brick_stairs":1,"minecraft:smithing_table":2,"minecraft:deepslate_diamond_ore":6,"minecraft:potatoes":57,"minecraft:dripstone_block":1,"minecraft:oak_sapling":2,"minecraft:azure_bluet":3,"minecraft:iron_ore":47,"minecraft:glass_pane":28,"minecraft:chain":2,"minecraft:dandelion":21,"minecraft:oak_planks":81,"minecraft:light_gray_stained_glass":4,"minecraft:cobblestone":422,"minecraft:sugar_cane":233,"minecraft:lantern":14,"minecraft:oak_leaves":120,"minecraft:furnace":13,"minecraft:brewing_stand":6,"minecraft:rose_bush":2,"minecraft:fletching_table":5,"minecraft:waxed_oxidized_copper_door":1,"minecraft:iron_bars":4,"minecraft:tall_grass":39,"minecraft:cartography_table":2,"minecraft:waxed_copper_block":5,"minecraft:pointed_dripstone":1,"minecraft:mossy_stone_bricks":1,"minecraft:stripped_spruce_wood":3,"minecraft:tall_seagrass":1,"minecraft:lily_pad":1,"minecraft:cobbled_deepslate_slab":2,"minecraft:dirt":483,"minecraft:deepslate":163,"minecraft:sand":5,"minecraft:snow":1,"minecraft:seagrass":1,"minecraft:oak_log":403,"minecraft:potted_cactus":1,"minecraft:lapis_ore":1,"minecraft:oak_door":7,"minecraft:spawner":2,"minecraft:oak_slab":21,"minecraft:carrots":31,"minecraft:lectern":4,"minecraft:gravel":9,"minecraft:short_grass":416,"minecraft:waxed_copper_grate":1,"minecraft:red_mushroom":2,"minecraft:dirt_path":68,"minecraft:crafting_table":14,"minecraft:deepslate_redstone_ore":3,"minecraft:stripped_oak_log":3,"minecraft:copper_ore":10,"minecraft:raw_iron_block":1,"minecraft:firefly_bush":9,"minecraft:gold_ore":3,"minecraft:chiseled_tuff":1,"minecraft:andesite":31,"minecraft:packed_ice":3,"minecraft:blast_furnace":5,"minecraft:glowstone":50,"minecraft:deepslate_gold_ore":13,"minecraft:ice":9,"minecraft:poppy":3,"minecraft:deepslate_lapis_ore":5,"minecraft:deepslate_iron_ore":48,"minecraft:yellow_wool":6,"minecraft:stone":373,"minecraft:stone_bricks":2,"minecraft:granite":21,"minecraft:cobblestone_stairs":8,"minecraft:coal_ore":181,"minecraft:diorite":26,"minecraft:wheat":29,"minecraft:hay_block":45,"minecraft:oak_trapdoor":22,"minecraft:white_bed":7,"minecraft:bee_nest":1,"minecraft:yellow_carpet":4,"minecraft:white_carpet":7,"minecraft:glow_lichen":1,"minecraft:crying_obsidian":1,"minecraft:oak_stairs":121,"minecraft:mossy_cobblestone":30,"minecraft:grass_block":904,"minecraft:spruce_leaves":46,"minecraft:cobbled_deepslate":2,"minecraft:white_wool":6,"minecraft:tuff":1,"minecraft:polished_tuff":7,"minecraft:tuff_bricks":17,"minecraft:nether_gold_ore":21,"minecraft:spruce_slab":3,"minecraft:cobblestone_slab":45,"minecraft:cornflower":4},"minecraft:used":{"minecraft:stone_axe":95,"minecraft:oak_fence":194,"minecraft:polished_tuff":1,"minecraft:iron_axe":767,"minecraft:grass_block":1,"minecraft:shield":73,"minecraft:ominous_trial_key":2,"minecraft:iron_pickaxe":427,"minecraft:cartography_table":2,"minecraft:andesite":15,"minecraft:cobbled_deepslate_slab":8,"minecraft:potato":62,"minecraft:wheat_seeds":37,"minecraft:golden_carrot":2,"minecraft:wooden_axe":14,"minecraft:diamond_pickaxe":1095,"minecraft:cooked_mutton":31,"minecraft:lantern":14,"minecraft:golden_chestplate":1,"minecraft:blast_furnace":5,"minecraft:iron_shovel":2709,"minecraft:brewing_stand":6,"minecraft:oxeye_daisy":1,"minecraft:diorite":2,"minecraft:ominous_bottle":1,"minecraft:oak_slab":5,"minecraft:wooden_pickaxe":3,"minecraft:smithing_table":1,"minecraft:oak_log":16,"minecraft:cobblestone":601,"minecraft:diamond_chestplate":1,"minecraft:golden_apple":1,"minecraft:waxed_copper_grate":1,"minecraft:spruce_slab":75,"minecraft:grindstone":2,"minecraft:diamond_axe":997,"minecraft:carrot":65,"minecraft:crafting_table":18,"minecraft:snowball":6,"minecraft:oak_fence_gate":1,"minecraft:tuff_bricks":3,"minecraft:white_bed":12,"minecraft:stone_pickaxe":214,"minecraft:bow":22,"minecraft:baked_potato":26,"minecraft:cobbled_deepslate":3,"minecraft:netherrack":4,"minecraft:spruce_boat":4,"minecraft:yellow_bed":6,"minecraft:mossy_cobblestone":12,"minecraft:spruce_log":1,"minecraft:pumpkin":1,"minecraft:iron_hoe":148,"minecraft:rotten_flesh":7,"minecraft:rabbit":1,"minecraft:water_bucket":59,"minecraft:bone_meal":124,"minecraft:fletching_table":5,"minecraft:glowstone":10,"minecraft:bell":1,"minecraft:furnace":22,"minecraft:mutton":6,"minecraft:torch":199,"minecraft:bread":32,"minecraft:dirt":775,"minecraft:iron_boots":1,"minecraft:honey_bottle":2,"minecraft:obsidian":4,"minecraft:sand":1,"minecraft:wind_charge":15,"minecraft:cobblestone_slab":375,"minecraft:gravel":4,"minecraft:cooked_chicken":3,"minecraft:oak_stairs":2,"minecraft:cooked_beef":23,"minecraft:lectern":4,"minecraft:flint_and_steel":71,"minecraft:stone_brick_stairs":1,"minecraft:bucket":59,"minecraft:chest":27,"minecraft:splash_potion":1,"minecraft:dripstone_block":1,"minecraft:beef":3,"minecraft:oak_planks":50,"minecraft:spruce_sapling":1,"minecraft:oak_sapling":18,"minecraft:egg":13,"minecraft:sugar_cane":79,"minecraft:ender_pearl":2,"minecraft:golden_shovel":32,"minecraft:trial_key":7},"minecraft:picked_up":{"minecraft:poisonous_potato":1,"minecraft:name_tag":1,"minecraft:brewing_stand":6,"minecraft:cobblestone":779,"minecraft:brick":129,"minecraft:flint":6,"minecraft:sugar_cane":297,"minecraft:redstone":46,"minecraft:bone":65,"minecraft:rose_bush":2,"minecraft:lantern":15,"minecraft:waxed_copper_grate":1,"minecraft:firefly_bush":6,"minecraft:iron_bars":4,"minecraft:slime_ball":7,"minecraft:diamond":9,"minecraft:granite":40,"minecraft:emerald":235,"minecraft:lily_pad":1,"minecraft:salmon":2,"minecraft:ink_sac":10,"minecraft:spruce_boat":2,"minecraft:gold_block":5,"minecraft:bow":2,"minecraft:arrow":103,"minecraft:iron_ingot":123,"minecraft:spruce_slab":3,"minecraft:cactus":1,"minecraft:enchanted_golden_apple":2,"minecraft:crossbow":2,"minecraft:hay_block":53,"minecraft:raw_gold":16,"minecraft:dandelion":25,"minecraft:emerald_block":2,"minecraft:mossy_stone_bricks":1,"minecraft:mutton":43,"minecraft:guster_pottery_sherd":3,"minecraft:golden_carrot":1,"minecraft:dirt":1364,"minecraft:rail":2,"minecraft:brown_wool":1,"minecraft:iron_shovel":1,"minecraft:azure_bluet":5,"minecraft:torch":87,"minecraft:diamond_pickaxe":1,"minecraft:dripstone_block":1,"minecraft:cobblestone_stairs":14,"minecraft:bread":8,"minecraft:spruce_log":86,"minecraft:cartography_table":2,"minecraft:oxeye_daisy":4,"minecraft:oak_stairs":58,"minecraft:coal":261,"minecraft:oak_log":398,"minecraft:oak_fence":190,"minecraft:lingering_potion":6,"minecraft:sand":3,"minecraft:furnace":13,"minecraft:oak_door":8,"minecraft:wheat_seeds":135,"minecraft:splash_potion":1,"minecraft:egg":22,"minecraft:waxed_copper_block":5,"minecraft:poppy":11,"minecraft:cooked_beef":4,"minecraft:white_wool":36,"minecraft:feather":19,"minecraft:potion":2,"minecraft:fletching_table":5,"minecraft:red_mushroom":2,"minecraft:snowball":41,"minecraft:blast_furnace":5,"minecraft:andesite":34,"minecraft:chainmail_boots":4,"minecraft:ender_pearl":6,"minecraft:string":19,"minecraft:smithing_table":2,"minecraft:raw_iron_block":1,"minecraft:stone_bricks":2,"minecraft:copper_ingot":46,"minecraft:obsidian":2,"minecraft:white_carpet":13,"minecraft:cornflower":5,"minecraft:iron_helmet":1,"minecraft:diamond_axe":1,"minecraft:oak_fence_gate":4,"minecraft:carrot":118,"minecraft:spruce_sapling":2,"minecraft:rabbit":1,"minecraft:iron_block":2,"minecraft:scrape_pottery_sherd":4,"minecraft:yellow_carpet":8,"minecraft:breeze_rod":8,"minecraft:white_bed":4,"minecraft:flow_pottery_sherd":6,"minecraft:leather":50,"minecraft:honey_bottle":4,"minecraft:gold_nugget":76,"minecraft:wooden_axe":1,"minecraft:chiseled_tuff":1,"minecraft:baked_potato":28,"minecraft:glow_ink_sac":1,"minecraft:golden_apple":5,"minecraft:porkchop":18,"minecraft:music_disc_precipice":2,"minecraft:oak_pressure_plate":3,"minecraft:oak_trapdoor":8,"minecraft:stick":58,"minecraft:polished_tuff":5,"minecraft:redstone_torch":1,"minecraft:black_wool":1,"minecraft:chicken":12,"minecraft:cooked_salmon":1,"minecraft:cooked_porkchop":5,"minecraft:iron_axe":2,"minecraft:cooked_chicken":9,"minecraft:grindstone":3,"minecraft:raw_iron":107,"minecraft:cobbled_deepslate":145,"minecraft:diamond_chestplate":1,"minecraft:pointed_dripstone":2,"minecraft:waxed_oxidized_copper_grate":4,"minecraft:glowstone_dust":134,"minecraft:mossy_cobblestone":19,"minecraft:wheat":25,"minecraft:tuff_bricks":17,"minecraft:gunpowder":1,"minecraft:chest":12,"minecraft:lectern":4,"minecraft:yellow_bed":6,"minecraft:cobbled_deepslate_slab":2,"minecraft:netherrack":29,"minecraft:magma_block":1,"minecraft:gravel":34,"minecraft:bell":2,"minecraft:waxed_oxidized_copper_door":1,"minecraft:tuff":1,"minecraft:phantom_membrane":1,"minecraft:stripped_spruce_wood":3,"minecraft:potato":200,"minecraft:grass_block":3,"minecraft:birch_log":74,"minecraft:shield":1,"minecraft:lapis_lazuli":95,"minecraft:pumpkin":10,"minecraft:spider_eye":5,"minecraft:bone_meal":2,"minecraft:tipped_arrow":5,"minecraft:ominous_bottle":1,"minecraft:trial_key":9,"minecraft:diorite":28,"minecraft:wooden_pickaxe":2,"minecraft:flower_pot":2,"minecraft:oak_planks":92,"minecraft:crafting_table":16,"minecraft:ominous_trial_key":2,"minecraft:decorated_pot":12,"minecraft:raw_copper":27,"minecraft:oak_sapling":37,"minecraft:dispenser":1,"minecraft:stone_brick_stairs":1,"minecraft:beef":45,"minecraft:rotten_flesh":63,"minecraft:wind_charge":9,"minecraft:apple":5,"minecraft:cobblestone_slab":54,"minecraft:yellow_wool":9,"minecraft:oak_slab":16,"minecraft:iron_nugget":4,"minecraft:waxed_oxidized_copper":2,"minecraft:iron_hoe":1,"minecraft:paper":10,"minecraft:gray_wool":1},"minecraft:broken":{"minecraft:iron_helmet":1,"minecraft:iron_axe":3,"minecraft:iron_shovel":10,"minecraft:stone_axe":1,"minecraft:iron_pickaxe":1,"minecraft:flint_and_steel":1,"minecraft:stone_pickaxe":1,"minecraft:golden_shovel":1}},"DataVersion":4325}